year,n_obs,n_ath,retention
2019,20,20,0.6
2020,25,25,0.84
2021,37,37,0.5945945945945946
2022,32,32,0.40625
