year,treated,donor_mean
2019,5,2.0
2020,0,2.0
2021,0,2.4285714285714284
2022,4,2.142857142857143
2023,1,2.7142857142857144
