year,treated,donor_mean
2019,74,21.681818181818183
2020,18,9.318181818181818
2021,22,9.045454545454545
2022,26,10.772727272727273
2023,23,11.272727272727273
