year,donor,treated
2019,0.7486631016042781,0.85
2020,0.7974358974358975,0.7
2021,0.7679425837320574,0.6666666666666666
2022,0.7839080459770115,0.9
