year,donor,treated
2019,0.7486631016042781,0.782608695652174
2020,0.7974358974358975,0.7142857142857143
2021,0.7679425837320574,0.8888888888888888
2022,0.7839080459770115,0.8571428571428571
