year,donor,treated
2019,0.5,0.5
2020,0.7368421052631579,
2021,0.84,
2022,0.6296296296296297,0.75
