year,treated,donor_mean
2019,1,2.0
2020,0,2.0
2021,0,2.4285714285714284
2022,1,2.142857142857143
2023,0,2.7142857142857144
