year,treated,donor_mean
2019,33,21.681818181818183
2020,9,9.318181818181818
2021,9,9.045454545454545
2022,12,10.772727272727273
2023,11,11.272727272727273
